productId,category,price,avgRating
P00000,Keyboards,107.74,4.5
P00001,Cameras,39.93,3.5
P00002,Smartphones,33.87,5.0
P00003,Headphones,51.95,4.7
P00004,Monitors,71.98,3.2
P00005,Chargers,36.07,3.7
P00006,Tablets,71.36,3.7
P00007,Keyboards,15.81,3.7
P00008,Keyboards,19.95,3.9
P00009,Chargers,189.94,3.2
P00010,Monitors,54.53,4.0
P00011,Mice,43.47,4.3
P00012,Tablets,175.51,4.9
P00013,Cameras,61.34,4.1
P00014,Chargers,241.29,3.4
P00015,Headphones,19.23,4.9
P00016,Chargers,187.98,4.3
P00017,Laptops,148.57,3.7
P00018,Speakers,179.99,4.1
P00019,Smartphones,41.79,2.8
P00020,Cameras,89.46,3.9
P00021,Mice,50.38,3.8
P00022,Mice,199.67,4.2
P00023,Monitors,31.03,3.4
P00024,Chargers,54.12,4.1
P00025,Tablets,118.46,3.3
P00026,Mice,61.68,4.5
P00027,Smartphones,209.29,4.5
P00028,Speakers,44.2,4.4
P00029,Speakers,70.38,4.6
P00030,Tablets,30.85,3.8
P00031,Cameras,92.2,4.7
P00032,Monitors,67.09,3.3
P00033,Mice,74.89,4.1
P00034,Keyboards,60.1,3.8
P00035,Speakers,17.15,4.7
P00036,Laptops,14.63,4.4
P00037,Laptops,30.11,4.5
P00038,Headphones,39.25,3.5
P00039,Smartphones,52.59,4.4
P00040,Mice,63.79,3.8
P00041,Monitors,65.14,4.0
P00042,Chargers,65.47,4.8
P00043,Mice,27.48,3.7
P00044,Cameras,457.53,2.9
P00045,Chargers,102.02,4.4
P00046,Monitors,34.36,3.7
P00047,Chargers,57.58,4.1
P00048,Chargers,17.14,3.9
P00049,Speakers,46.99,4.0
P00050,Cameras,25.9,3.5
P00051,Cameras,277.48,4.5
P00052,Monitors,35.93,4.9
P00053,Tablets,142.34,4.1
P00054,Keyboards,245.68,4.9
P00055,Tablets,28.97,4.5
P00056,Tablets,60.39,5.0
P00057,Monitors,397.82,3.4
P00058,Cameras,62.48,3.0
P00059,Headphones,41.56,3.9
P00060,Chargers,37.08,4.1
P00061,Mice,41.01,3.9
P00062,Smartphones,141.23,4.3
P00063,Monitors,11.22,5.0
P00064,Headphones,61.99,4.2
P00065,Tablets,79.77,5.0
P00066,Chargers,31.16,4.2
P00067,Mice,54.98,5.0
P00068,Headphones,92.24,3.7
P00069,Monitors,208.1,4.0
P00070,Chargers,113.99,5.0
P00071,Cameras,31.23,4.0
P00072,Keyboards,37.04,3.3
P00073,Tablets,34.95,5.0
P00074,Monitors,131.28,3.7
P00075,Mice,18.88,3.2
P00076,Tablets,75.65,4.2
P00077,Headphones,58.02,3.4
P00078,Laptops,346.78,3.8
P00079,Laptops,75.17,4.2
P00080,Headphones,175.71,3.1
P00081,Mice,40.52,4.5
P00082,Laptops,151.65,5.0
P00083,Cameras,123.71,4.6
P00084,Monitors,92.57,4.7
P00085,Smartphones,448.84,4.4
P00086,Laptops,113.69,2.9
P00087,Smartphones,114.73,4.3
P00088,Keyboards,18.22,4.0
P00089,Monitors,86.45,4.3
P00090,Cameras,48.12,4.2
P00091,Mice,136.53,4.1
P00092,Chargers,40.84,3.5
P00093,Mice,98.14,4.3
P00094,Headphones,33.19,3.7
P00095,Keyboards,35.73,5.0
P00096,Chargers,100.19,5.0
P00097,Speakers,17.72,5.0
P00098,Cameras,39.32,4.0
P00099,Tablets,39.39,4.4
P00100,Smartphones,118.97,4.3
P00101,Speakers,30.98,3.6
P00102,Speakers,92.7,4.1
P00103,Laptops,125.03,3.9
P00104,Mice,23.19,3.9
P00105,Keyboards,139.13,3.2
P00106,Headphones,30.86,4.5
P00107,Keyboards,73.69,3.0
P00108,Laptops,142.32,3.7
P00109,Laptops,43.53,3.8
P00110,Chargers,53.94,4.2
P00111,Laptops,11.07,2.9
P00112,Cameras,614.43,4.3
P00113,Monitors,170.82,4.1
P00114,Cameras,48.89,4.4
P00115,Smartphones,82.93,4.0
P00116,Monitors,24.63,4.1
P00117,Speakers,467.55,4.1
P00118,Tablets,84.05,3.5
P00119,Cameras,40.8,3.2
P00120,Tablets,72.97,4.1
P00121,Tablets,235.46,2.6
P00122,Speakers,377.02,4.2
P00123,Speakers,92.79,5.0
P00124,Chargers,164.22,4.4
P00125,Keyboards,70.79,3.5
P00126,Smartphones,82.22,3.0
P00127,Smartphones,425.45,3.3
P00128,Speakers,33.38,3.5
P00129,Chargers,68.66,3.6
P00130,Laptops,224.86,4.1
P00131,Headphones,81.73,4.1
P00132,Chargers,61.88,3.2
P00133,Mice,66.08,4.6
P00134,Monitors,36.26,5.0
P00135,Laptops,46.17,4.3
P00136,Monitors,234.49,4.4
P00137,Headphones,69.86,3.3
P00138,Tablets,97.33,4.8
P00139,Chargers,19.79,3.9
P00140,Monitors,104.47,3.9
P00141,Mice,128.87,4.9
P00142,Keyboards,277.55,4.3
P00143,Smartphones,87.76,4.4
P00144,Chargers,30.8,5.0
P00145,Laptops,203.62,3.5
P00146,Laptops,14.05,4.5
P00147,Smartphones,33.0,3.5
P00148,Laptops,73.85,4.5
P00149,Cameras,185.17,4.5
P00150,Speakers,185.48,4.9
P00151,Cameras,90.53,3.3
P00152,Chargers,61.38,3.2
P00153,Laptops,90.56,3.4
P00154,Keyboards,60.5,4.3
P00155,Cameras,77.41,4.8
P00156,Keyboards,14.09,3.8
P00157,Headphones,301.14,3.9
P00158,Cameras,252.32,3.7
P00159,Speakers,202.94,4.4
P00160,Headphones,72.37,3.7
P00161,Mice,16.64,4.4
P00162,Cameras,55.96,4.6
P00163,Monitors,79.14,3.6
P00164,Headphones,25.72,4.0
P00165,Laptops,54.43,4.5
P00166,Headphones,125.58,3.3
P00167,Speakers,45.58,3.9
P00168,Cameras,25.37,4.7
P00169,Smartphones,57.96,4.4
P00170,Chargers,40.13,3.7
P00171,Mice,22.43,4.4
P00172,Keyboards,32.14,3.4
P00173,Keyboards,43.28,3.1
P00174,Headphones,62.38,5.0
P00175,Chargers,89.51,4.6
P00176,Keyboards,128.95,2.6
P00177,Cameras,48.95,4.3
P00178,Keyboards,35.47,4.1
P00179,Laptops,172.36,3.9
P00180,Chargers,178.83,4.0
P00181,Laptops,40.34,3.8
P00182,Keyboards,58.65,3.6
P00183,Speakers,18.99,4.4
P00184,Smartphones,36.12,3.6
P00185,Headphones,122.89,3.9
P00186,Keyboards,120.34,3.7
P00187,Chargers,89.87,4.8
P00188,Mice,57.67,4.3
P00189,Cameras,30.22,3.8
P00190,Headphones,141.3,4.7
P00191,Headphones,98.31,3.5
P00192,Smartphones,95.82,4.4
P00193,Monitors,68.57,3.6
P00194,Tablets,32.37,5.0
P00195,Monitors,62.21,3.1
P00196,Chargers,82.0,3.9
P00197,Smartphones,111.03,4.1
P00198,Smartphones,57.32,4.4
P00199,Smartphones,102.32,4.4
P00200,Headphones,42.74,3.5
P00201,Smartphones,92.43,3.5
P00202,Monitors,45.48,3.2
P00203,Laptops,8.24,4.9
P00204,Cameras,69.68,3.4
P00205,Tablets,197.83,3.3
P00206,Tablets,42.47,3.0
P00207,Headphones,22.5,3.5
P00208,Keyboards,164.36,3.4
P00209,Monitors,189.14,4.6
P00210,Tablets,60.1,4.8
P00211,Chargers,45.09,4.9
P00212,Headphones,40.94,4.0
P00213,Keyboards,38.05,5.0
P00214,Smartphones,37.86,4.6
P00215,Laptops,150.13,3.5
P00216,Tablets,124.69,4.1
P00217,Tablets,17.4,2.4
P00218,Cameras,137.07,2.7
P00219,Keyboards,30.32,5.0
P00220,Chargers,52.47,4.5
P00221,Smartphones,90.31,4.3
P00222,Smartphones,55.84,5.0
P00223,Cameras,298.45,5.0
P00224,Speakers,427.79,3.3
P00225,Chargers,40.33,3.5
P00226,Smartphones,106.89,3.8
P00227,Chargers,55.5,2.7
P00228,Tablets,29.36,4.7
P00229,Laptops,32.89,4.0
P00230,Chargers,205.01,4.0
P00231,Speakers,37.96,4.8
P00232,Chargers,76.7,3.2
P00233,Chargers,78.41,4.1
P00234,Keyboards,34.29,3.4
P00235,Headphones,62.78,4.4
P00236,Headphones,85.65,3.5
P00237,Keyboards,70.04,3.9
P00238,Monitors,87.16,3.4
P00239,Cameras,69.94,4.5
P00240,Chargers,67.35,3.6
P00241,Smartphones,59.06,4.1
P00242,Tablets,122.05,3.9
P00243,Tablets,98.38,4.8
P00244,Speakers,34.26,3.4
P00245,Keyboards,78.56,5.0
P00246,Chargers,119.21,4.4
P00247,Chargers,39.5,3.3
P00248,Chargers,96.02,3.8
P00249,Chargers,49.57,4.4
P00250,Smartphones,98.65,3.4
P00251,Tablets,108.42,4.9
P00252,Mice,184.37,4.3
P00253,Keyboards,26.34,4.8
P00254,Keyboards,82.75,4.1
P00255,Speakers,151.69,4.0
P00256,Tablets,19.0,4.6
P00257,Headphones,96.95,3.8
P00258,Chargers,94.6,4.3
P00259,Tablets,154.06,5.0
P00260,Laptops,48.02,5.0
P00261,Smartphones,70.97,4.2
P00262,Keyboards,199.57,5.0
P00263,Monitors,115.91,3.8
P00264,Chargers,33.54,4.6
P00265,Headphones,68.17,4.8
P00266,Chargers,73.05,4.1
P00267,Chargers,53.78,3.1
P00268,Speakers,21.6,3.7
P00269,Monitors,176.96,2.7
P00270,Speakers,110.12,4.8
P00271,Cameras,75.89,4.5
P00272,Keyboards,27.64,4.2
P00273,Cameras,41.29,5.0
P00274,Headphones,69.69,3.3
P00275,Headphones,193.87,3.7
P00276,Smartphones,263.7,3.4
P00277,Tablets,72.61,3.8
P00278,Speakers,55.16,4.2
P00279,Keyboards,40.72,3.8
P00280,Smartphones,180.26,4.2
P00281,Laptops,43.57,4.9
P00282,Keyboards,42.32,3.8
P00283,Headphones,45.28,4.2
P00284,Mice,27.5,5.0
P00285,Cameras,28.53,3.3
P00286,Keyboards,32.05,4.8
P00287,Smartphones,70.49,3.3
P00288,Speakers,74.18,3.3
P00289,Speakers,221.99,5.0
P00290,Cameras,66.3,4.2
P00291,Smartphones,10.12,4.8
P00292,Smartphones,61.04,5.0
P00293,Tablets,77.54,4.3
P00294,Cameras,31.18,3.4
P00295,Cameras,58.94,4.8
P00296,Speakers,186.64,4.4
P00297,Cameras,86.82,3.8
P00298,Chargers,33.74,3.4
P00299,Monitors,63.28,4.1
P00300,Tablets,50.35,3.9
P00301,Chargers,121.27,4.1
P00302,Laptops,80.53,4.9
P00303,Mice,27.03,4.5
P00304,Speakers,55.82,3.1
P00305,Speakers,122.36,4.1
P00306,Tablets,17.36,5.0
P00307,Chargers,98.07,3.6
P00308,Smartphones,33.37,3.5
P00309,Speakers,110.55,5.0
P00310,Keyboards,29.36,3.4
P00311,Speakers,22.68,4.2
P00312,Speakers,98.23,3.5
P00313,Tablets,66.54,3.8
P00314,Smartphones,296.48,2.7
P00315,Laptops,91.98,3.5
P00316,Cameras,72.29,2.4
P00317,Monitors,63.46,5.0
P00318,Keyboards,180.11,3.9
P00319,Keyboards,163.86,3.8
P00320,Tablets,53.49,3.1
P00321,Chargers,135.34,2.9
P00322,Smartphones,9.99,4.6
P00323,Laptops,52.82,3.7
P00324,Tablets,337.58,4.2
P00325,Laptops,37.33,4.3
P00326,Smartphones,95.32,3.2
P00327,Chargers,26.03,5.0
P00328,Tablets,25.23,4.2
P00329,Keyboards,16.88,3.8
P00330,Smartphones,30.15,3.9
P00331,Speakers,55.41,3.9
P00332,Monitors,32.1,3.4
P00333,Chargers,24.67,3.5
P00334,Headphones,21.42,3.4
P00335,Speakers,73.71,4.3
P00336,Smartphones,78.95,3.5
P00337,Laptops,36.99,4.5
P00338,Speakers,67.31,3.9
P00339,Speakers,39.18,3.7
P00340,Smartphones,26.77,3.9
P00341,Monitors,177.1,4.5
P00342,Keyboards,78.18,4.7
P00343,Laptops,52.2,4.6
P00344,Tablets,62.45,4.2
P00345,Smartphones,79.72,3.9
P00346,Mice,34.99,4.2
P00347,Mice,48.24,3.6
P00348,Monitors,141.74,4.7
P00349,Laptops,98.71,3.4
P00350,Monitors,74.44,4.4
P00351,Cameras,47.71,3.6
P00352,Smartphones,96.38,4.1
P00353,Chargers,252.51,4.3
P00354,Monitors,31.26,4.1
P00355,Smartphones,38.04,5.0
P00356,Smartphones,70.41,4.5
P00357,Keyboards,88.84,3.1
P00358,Speakers,97.29,3.9
P00359,Smartphones,31.21,4.2
P00360,Tablets,36.47,3.4
P00361,Laptops,224.58,4.3
P00362,Cameras,11.09,3.8
P00363,Smartphones,118.66,4.8
P00364,Cameras,38.4,4.8
P00365,Headphones,21.25,3.1
P00366,Headphones,74.04,3.8
P00367,Monitors,157.83,3.7
P00368,Headphones,155.3,3.8
P00369,Keyboards,16.83,3.4
P00370,Mice,36.16,4.2
P00371,Chargers,29.28,3.7
P00372,Laptops,89.37,2.9
P00373,Tablets,54.06,3.4
P00374,Chargers,122.4,2.5
P00375,Cameras,110.25,3.7
P00376,Monitors,52.74,3.0
P00377,Mice,56.73,3.3
P00378,Speakers,64.5,3.2
P00379,Laptops,101.9,2.7
P00380,Monitors,40.81,3.8
P00381,Headphones,84.67,4.6
P00382,Smartphones,28.66,4.2
P00383,Tablets,139.65,3.6
P00384,Tablets,153.91,3.0
P00385,Cameras,90.53,4.2
P00386,Keyboards,34.45,4.9
P00387,Monitors,87.38,3.5
P00388,Cameras,116.47,4.5
P00389,Keyboards,44.3,3.8
P00390,Mice,35.32,4.6
P00391,Cameras,70.88,4.2
P00392,Chargers,209.58,4.2
P00393,Smartphones,95.58,3.4
P00394,Speakers,63.75,4.3
P00395,Cameras,661.6,4.1
P00396,Speakers,105.03,4.1
P00397,Tablets,17.92,4.5
P00398,Laptops,65.02,3.6
P00399,Mice,83.65,4.4
P00400,Smartphones,231.77,4.5
P00401,Mice,29.31,4.0
P00402,Headphones,59.53,3.9
P00403,Monitors,63.17,4.0
P00404,Speakers,82.1,3.9
P00405,Laptops,74.31,3.5
P00406,Chargers,12.56,3.2
P00407,Smartphones,27.06,3.5
P00408,Monitors,95.16,5.0
P00409,Keyboards,86.69,3.8
P00410,Chargers,93.13,3.8
P00411,Chargers,149.4,4.0
P00412,Chargers,204.94,4.8
P00413,Speakers,62.45,3.7
P00414,Keyboards,372.67,4.1
P00415,Tablets,101.83,3.1
P00416,Tablets,36.45,3.1
P00417,Monitors,109.83,3.8
P00418,Speakers,57.08,3.9
P00419,Smartphones,70.41,4.1
P00420,Smartphones,31.59,4.2
P00421,Headphones,44.28,4.6
P00422,Headphones,59.42,3.7
P00423,Cameras,672.34,4.0
P00424,Keyboards,70.99,3.7
P00425,Monitors,31.92,4.7
P00426,Speakers,63.34,3.7
P00427,Monitors,55.26,5.0
P00428,Mice,42.67,4.2
P00429,Tablets,82.26,4.3
P00430,Headphones,112.73,2.5
P00431,Speakers,22.92,4.1
P00432,Laptops,87.23,4.0
P00433,Speakers,180.95,3.4
P00434,Cameras,28.39,2.6
P00435,Chargers,69.92,3.4
P00436,Cameras,24.61,4.0
P00437,Cameras,97.5,3.6
P00438,Laptops,83.96,4.8
P00439,Keyboards,56.55,4.0
P00440,Tablets,45.62,4.5
P00441,Speakers,20.85,3.8
P00442,Laptops,22.11,3.9
P00443,Cameras,18.72,5.0
P00444,Monitors,131.49,4.6
P00445,Tablets,43.29,3.9
P00446,Speakers,50.09,5.0
P00447,Tablets,121.66,3.4
P00448,Headphones,243.74,3.4
P00449,Headphones,460.85,3.7
P00450,Chargers,34.97,4.6
P00451,Chargers,146.74,4.0
P00452,Monitors,21.29,3.7
P00453,Cameras,131.82,3.1
P00454,Cameras,60.97,4.7
P00455,Headphones,184.72,4.3
P00456,Keyboards,40.8,3.5
P00457,Headphones,36.31,3.6
P00458,Tablets,91.72,3.9
P00459,Tablets,50.64,3.5
P00460,Chargers,37.84,3.6
P00461,Cameras,197.04,4.4
P00462,Laptops,54.46,3.9
P00463,Chargers,23.76,4.6
P00464,Laptops,31.14,3.3
P00465,Chargers,39.82,4.9
P00466,Mice,128.32,4.2
P00467,Laptops,121.37,3.9
P00468,Monitors,135.73,3.2
P00469,Monitors,209.04,4.4
P00470,Cameras,194.17,3.8
P00471,Headphones,197.75,4.8
P00472,Laptops,52.47,5.0
P00473,Monitors,108.08,4.0
P00474,Cameras,52.58,4.8
P00475,Laptops,84.09,4.0
P00476,Smartphones,60.67,4.2
P00477,Mice,37.22,5.0
P00478,Laptops,44.3,5.0
P00479,Cameras,34.67,4.3
P00480,Monitors,142.08,4.6
P00481,Cameras,67.03,5.0
P00482,Speakers,15.47,3.7
P00483,Speakers,21.11,3.9
P00484,Speakers,50.63,5.0
P00485,Speakers,116.07,4.6
P00486,Keyboards,44.04,3.7
P00487,Speakers,63.3,4.5
P00488,Chargers,59.02,4.5
P00489,Monitors,102.53,3.5
P00490,Chargers,431.97,4.5
P00491,Smartphones,144.25,5.0
P00492,Smartphones,10.32,4.8
P00493,Tablets,158.1,3.4
P00494,Mice,98.09,4.1
P00495,Headphones,29.39,3.3
P00496,Cameras,70.19,3.9
P00497,Chargers,111.19,3.5
P00498,Cameras,38.64,4.0
P00499,Keyboards,30.12,4.4
P00500,Smartphones,98.89,4.8
P00501,Mice,66.52,4.5
P00502,Speakers,30.4,4.6
P00503,Smartphones,244.67,4.1
P00504,Tablets,80.61,4.5
P00505,Keyboards,82.55,3.2
P00506,Speakers,56.3,4.1
P00507,Laptops,27.06,3.7
P00508,Monitors,105.77,3.4
P00509,Smartphones,18.77,3.9
P00510,Chargers,126.11,4.2
P00511,Cameras,215.03,4.5
P00512,Chargers,31.49,3.7
P00513,Chargers,103.03,3.7
P00514,Laptops,30.05,4.6
P00515,Speakers,133.26,3.4
P00516,Mice,73.66,2.6
P00517,Mice,59.93,5.0
P00518,Mice,94.86,4.0
P00519,Speakers,58.62,4.0
P00520,Keyboards,28.61,5.0
P00521,Smartphones,127.4,4.1
P00522,Smartphones,76.03,4.1
P00523,Mice,73.12,3.8
P00524,Monitors,45.89,3.4
P00525,Speakers,86.95,4.1
P00526,Monitors,46.56,3.3
P00527,Smartphones,55.81,4.2
P00528,Tablets,46.67,3.8
P00529,Headphones,65.35,5.0
P00530,Cameras,62.13,3.5
P00531,Mice,92.21,3.7
P00532,Chargers,110.26,4.3
P00533,Keyboards,129.63,4.5
P00534,Headphones,76.49,4.8
P00535,Laptops,39.84,3.3
P00536,Chargers,16.09,2.6
P00537,Keyboards,46.67,4.6
P00538,Monitors,77.22,4.5
P00539,Keyboards,22.15,4.4
P00540,Tablets,44.6,4.4
P00541,Chargers,130.38,4.9
P00542,Monitors,74.37,5.0
P00543,Smartphones,56.45,4.5
P00544,Chargers,45.25,5.0
P00545,Laptops,76.05,4.6
P00546,Monitors,69.65,4.6
P00547,Smartphones,82.35,5.0
P00548,Cameras,50.33,4.5
P00549,Chargers,68.16,4.1
P00550,Keyboards,85.73,4.4
P00551,Monitors,41.61,4.7
P00552,Headphones,17.45,4.7
P00553,Mice,66.04,4.6
P00554,Cameras,104.21,4.1
P00555,Mice,21.38,3.2
P00556,Headphones,60.92,3.0
P00557,Speakers,24.17,3.6
P00558,Laptops,10.6,3.5
P00559,Tablets,1113.18,4.5
P00560,Tablets,80.64,4.3
P00561,Headphones,76.04,4.6
P00562,Smartphones,183.5,5.0
P00563,Chargers,113.11,3.9
P00564,Headphones,195.74,3.1
P00565,Speakers,372.33,4.4
P00566,Mice,24.36,3.5
P00567,Smartphones,147.67,4.6
P00568,Mice,18.6,3.6
P00569,Mice,34.43,2.8
P00570,Monitors,119.39,4.9
P00571,Cameras,77.47,3.7
P00572,Headphones,35.24,5.0
P00573,Speakers,44.5,3.8
P00574,Chargers,114.51,4.7
P00575,Smartphones,35.08,4.7
P00576,Smartphones,36.89,3.9
P00577,Tablets,56.72,4.0
P00578,Mice,749.93,4.3
P00579,Laptops,50.93,5.0
P00580,Keyboards,99.57,3.2
P00581,Cameras,39.56,4.1
P00582,Laptops,68.4,4.4
P00583,Cameras,155.38,4.2
P00584,Tablets,43.5,5.0
P00585,Monitors,140.34,4.0
P00586,Speakers,104.19,4.2
P00587,Keyboards,25.06,3.4
P00588,Headphones,78.79,3.8
P00589,Chargers,57.05,4.5
P00590,Laptops,147.39,4.4
P00591,Cameras,41.62,4.2
P00592,Speakers,115.41,4.8
P00593,Speakers,914.54,4.0
P00594,Cameras,307.42,4.4
P00595,Smartphones,19.88,4.2
P00596,Speakers,52.61,3.0
P00597,Tablets,75.26,3.8
P00598,Cameras,55.78,3.9
P00599,Mice,36.0,4.5
P00600,Chargers,34.63,4.1
P00601,Laptops,114.1,3.5
P00602,Headphones,52.66,4.7
P00603,Chargers,105.93,3.8
P00604,Cameras,26.3,5.0
P00605,Cameras,49.1,4.5
P00606,Headphones,135.65,4.7
P00607,Monitors,148.11,4.0
P00608,Mice,45.81,4.3
P00609,Headphones,132.44,4.7
P00610,Keyboards,89.64,4.8
P00611,Cameras,34.31,5.0
P00612,Tablets,109.31,3.9
P00613,Cameras,87.76,3.3
P00614,Headphones,85.99,3.7
P00615,Mice,76.18,3.5
P00616,Keyboards,69.87,2.9
P00617,Mice,31.08,4.6
P00618,Keyboards,95.78,4.9
P00619,Monitors,30.06,4.7
P00620,Monitors,68.18,4.5
P00621,Mice,30.25,4.0
P00622,Smartphones,106.78,4.1
P00623,Smartphones,166.21,4.6
P00624,Keyboards,46.59,4.2
P00625,Tablets,313.78,3.1
P00626,Speakers,186.61,3.8
P00627,Tablets,85.62,3.3
P00628,Headphones,68.15,3.7
P00629,Laptops,73.37,4.8
P00630,Mice,138.38,4.5
P00631,Cameras,91.38,4.6
P00632,Tablets,108.16,4.2
P00633,Keyboards,94.82,4.3
P00634,Mice,111.93,5.0
P00635,Monitors,112.43,4.6
P00636,Chargers,26.88,4.3
P00637,Keyboards,86.82,4.0
P00638,Smartphones,39.86,4.3
P00639,Laptops,57.78,3.7
P00640,Mice,30.45,4.8
P00641,Tablets,41.65,4.4
P00642,Laptops,46.49,5.0
P00643,Headphones,25.4,4.2
P00644,Tablets,24.39,3.9
P00645,Speakers,45.64,3.8
P00646,Tablets,115.54,4.1
P00647,Headphones,48.8,4.3
P00648,Mice,69.57,3.6
P00649,Headphones,92.4,4.2
P00650,Monitors,51.41,4.6
P00651,Keyboards,155.05,5.0
P00652,Speakers,34.61,3.7
P00653,Headphones,36.82,4.0
P00654,Headphones,37.57,3.4
P00655,Headphones,143.81,4.2
P00656,Tablets,16.82,3.4
P00657,Smartphones,75.03,4.1
P00658,Laptops,39.47,3.7
P00659,Tablets,69.93,4.5
P00660,Monitors,113.2,4.2
P00661,Monitors,339.65,3.4
P00662,Smartphones,28.47,5.0
P00663,Mice,28.16,4.6
P00664,Headphones,107.61,4.2
P00665,Keyboards,50.5,5.0
P00666,Chargers,49.67,3.6
P00667,Cameras,246.79,3.4
P00668,Tablets,62.21,3.5
P00669,Chargers,19.89,3.6
P00670,Monitors,34.05,4.4
P00671,Keyboards,273.38,4.8
P00672,Smartphones,57.33,3.4
P00673,Mice,95.52,4.8
P00674,Cameras,106.47,5.0
P00675,Chargers,29.32,4.6
P00676,Cameras,45.64,5.0
P00677,Tablets,60.31,4.7
P00678,Tablets,83.22,4.2
P00679,Headphones,60.35,3.2
P00680,Smartphones,93.41,5.0
P00681,Keyboards,24.12,3.0
P00682,Monitors,176.51,2.6
P00683,Speakers,21.99,4.2
P00684,Speakers,53.57,4.3
P00685,Speakers,180.77,2.6
P00686,Mice,370.39,5.0
P00687,Laptops,12.88,4.8
P00688,Smartphones,12.83,4.1
P00689,Speakers,144.58,4.9
P00690,Keyboards,145.85,4.6
P00691,Smartphones,76.74,3.9
P00692,Headphones,20.36,4.4
P00693,Smartphones,60.26,3.4
P00694,Tablets,80.11,4.6
P00695,Tablets,170.83,3.6
P00696,Mice,5.72,4.2
P00697,Chargers,52.76,4.1
P00698,Smartphones,134.46,4.2
P00699,Cameras,26.02,4.1
P00700,Cameras,60.81,3.7
P00701,Keyboards,14.54,4.4
P00702,Smartphones,39.93,4.0
P00703,Keyboards,42.6,4.0
P00704,Mice,79.79,3.2
P00705,Mice,194.74,4.6
P00706,Laptops,42.31,4.0
P00707,Speakers,139.27,4.3
P00708,Tablets,30.37,3.4
P00709,Tablets,328.7,5.0
P00710,Laptops,51.6,4.9
P00711,Monitors,62.67,4.1
P00712,Keyboards,116.11,4.6
P00713,Smartphones,93.81,4.0
P00714,Smartphones,89.09,4.1
P00715,Mice,26.87,4.3
P00716,Chargers,46.56,3.8
P00717,Mice,50.56,3.3
P00718,Laptops,23.54,3.9
P00719,Cameras,95.08,3.4
P00720,Headphones,133.99,4.1
P00721,Cameras,8.56,5.0
P00722,Cameras,77.34,3.4
P00723,Cameras,33.36,3.7
P00724,Laptops,247.6,4.4
P00725,Keyboards,92.62,4.6
P00726,Tablets,94.25,3.0
P00727,Speakers,7.04,2.7
P00728,Monitors,25.9,3.7
P00729,Keyboards,30.07,3.8
P00730,Speakers,88.34,4.5
P00731,Chargers,34.54,4.9
P00732,Headphones,74.27,3.2
P00733,Chargers,44.31,3.2
P00734,Chargers,13.86,4.7
P00735,Cameras,70.94,4.7
P00736,Chargers,29.47,4.5
P00737,Tablets,30.59,3.3
P00738,Cameras,18.61,3.0
P00739,Headphones,60.59,3.3
P00740,Monitors,25.04,3.8
P00741,Tablets,175.68,5.0
P00742,Headphones,51.17,4.5
P00743,Smartphones,62.05,4.0
P00744,Speakers,14.85,3.6
P00745,Smartphones,141.1,4.5
P00746,Headphones,194.12,4.6
P00747,Monitors,140.93,4.5
P00748,Speakers,73.29,3.8
P00749,Laptops,88.79,3.9
P00750,Headphones,17.91,4.3
P00751,Chargers,254.19,4.0
P00752,Mice,41.29,3.7
P00753,Speakers,949.19,4.0
P00754,Headphones,161.83,4.4
P00755,Headphones,91.05,3.8
P00756,Monitors,90.64,4.6
P00757,Chargers,84.71,4.3
P00758,Smartphones,27.87,3.4
P00759,Smartphones,84.48,4.9
P00760,Speakers,39.3,4.1
P00761,Chargers,51.9,4.0
P00762,Speakers,47.71,3.8
P00763,Smartphones,26.64,3.8
P00764,Headphones,71.37,4.3
P00765,Tablets,9.33,3.7
P00766,Laptops,119.96,3.8
P00767,Tablets,337.52,4.7
P00768,Cameras,61.49,4.6
P00769,Headphones,89.87,4.9
P00770,Speakers,44.33,3.7
P00771,Speakers,158.1,4.9
P00772,Monitors,18.92,4.9
P00773,Speakers,8.6,5.0
P00774,Laptops,93.06,3.6
P00775,Headphones,72.41,3.5
P00776,Headphones,53.92,4.4
P00777,Speakers,50.87,4.4
P00778,Headphones,85.2,3.5
P00779,Speakers,181.93,4.2
P00780,Mice,73.89,3.6
P00781,Headphones,343.06,3.7
P00782,Mice,58.54,3.9
P00783,Smartphones,286.42,4.1
P00784,Mice,91.72,4.3
P00785,Speakers,121.06,4.6
P00786,Monitors,38.17,3.9
P00787,Tablets,66.02,4.3
P00788,Monitors,83.46,4.2
P00789,Keyboards,44.25,4.2
P00790,Speakers,48.88,3.0
P00791,Cameras,34.12,4.2
P00792,Mice,226.21,4.9
P00793,Tablets,86.14,4.7
P00794,Headphones,28.57,4.2
P00795,Cameras,107.57,4.4
P00796,Headphones,67.23,4.9
P00797,Speakers,82.66,4.7
P00798,Cameras,15.77,3.8
P00799,Keyboards,60.96,5.0
P00800,Smartphones,65.21,4.5
P00801,Mice,57.36,2.9
P00802,Mice,42.49,4.4
P00803,Cameras,69.66,4.2
P00804,Tablets,134.01,5.0
P00805,Chargers,104.34,3.0
P00806,Monitors,52.88,4.0
P00807,Monitors,80.96,4.0
P00808,Cameras,34.4,4.2
P00809,Keyboards,89.46,3.8
P00810,Keyboards,50.68,4.7
P00811,Laptops,181.24,4.5
P00812,Cameras,12.05,3.9
P00813,Smartphones,21.49,4.0
P00814,Cameras,43.59,4.0
P00815,Smartphones,66.41,4.3
P00816,Speakers,18.23,3.9
P00817,Monitors,127.63,2.7
P00818,Headphones,45.97,4.4
P00819,Monitors,27.01,3.3
P00820,Mice,26.43,3.9
P00821,Cameras,250.48,4.4
P00822,Mice,40.02,4.4
P00823,Chargers,44.47,3.7
P00824,Mice,276.51,2.9
P00825,Keyboards,30.18,4.6
P00826,Chargers,33.29,3.4
P00827,Chargers,122.74,4.1
P00828,Mice,82.65,3.9
P00829,Tablets,18.8,4.5
P00830,Headphones,22.33,5.0
P00831,Mice,30.52,4.7
P00832,Keyboards,183.22,2.9
P00833,Monitors,71.09,5.0
P00834,Mice,135.61,4.1
P00835,Smartphones,68.29,4.2
P00836,Smartphones,44.57,4.1
P00837,Monitors,41.0,4.7
P00838,Chargers,131.38,4.4
P00839,Chargers,82.49,5.0
P00840,Laptops,15.24,3.5
P00841,Keyboards,139.54,3.6
P00842,Speakers,74.57,4.4
P00843,Cameras,292.19,4.6
P00844,Keyboards,456.14,4.6
P00845,Chargers,24.46,5.0
P00846,Monitors,21.4,4.1
P00847,Speakers,30.24,2.8
P00848,Tablets,109.82,3.3
P00849,Smartphones,55.61,3.6
P00850,Monitors,62.79,3.5
P00851,Headphones,51.02,4.3
P00852,Smartphones,33.92,4.5
P00853,Monitors,123.72,4.0
P00854,Speakers,104.72,4.1
P00855,Mice,10.74,4.4
P00856,Laptops,72.02,3.9
P00857,Tablets,110.3,4.4
P00858,Keyboards,39.68,4.0
P00859,Keyboards,121.98,4.7
P00860,Tablets,30.42,3.8
P00861,Keyboards,51.47,4.2
P00862,Speakers,203.42,3.2
P00863,Cameras,95.15,3.5
P00864,Mice,35.54,3.6
P00865,Headphones,26.7,3.8
P00866,Keyboards,100.45,4.5
P00867,Headphones,509.43,5.0
P00868,Mice,40.97,3.2
P00869,Monitors,341.86,4.3
P00870,Tablets,53.35,4.0
P00871,Laptops,16.12,3.3
P00872,Headphones,41.13,3.7
P00873,Speakers,51.5,4.6
P00874,Monitors,50.46,4.2
P00875,Tablets,24.68,4.8
P00876,Monitors,323.41,3.6
P00877,Mice,60.77,3.8
P00878,Headphones,35.51,3.8
P00879,Mice,325.8,4.4
P00880,Mice,117.22,5.0
P00881,Chargers,92.37,4.8
P00882,Headphones,17.4,3.9
P00883,Mice,23.83,4.3
P00884,Monitors,95.46,3.7
P00885,Smartphones,144.09,4.4
P00886,Chargers,141.51,4.4
P00887,Cameras,286.6,3.6
P00888,Speakers,20.87,4.5
P00889,Cameras,23.99,4.3
P00890,Headphones,97.57,4.7
P00891,Monitors,82.31,5.0
P00892,Laptops,79.25,4.1
P00893,Monitors,14.2,3.8
P00894,Laptops,150.95,3.5
P00895,Laptops,108.7,2.7
P00896,Headphones,131.11,4.6
P00897,Cameras,79.71,3.9
P00898,Speakers,48.01,3.6
P00899,Speakers,28.8,3.1
P00900,Mice,109.49,5.0
P00901,Cameras,25.65,3.3
P00902,Speakers,91.36,4.4
P00903,Chargers,8.33,3.5
P00904,Chargers,104.46,3.3
P00905,Chargers,64.67,3.3
P00906,Laptops,448.95,3.1
P00907,Monitors,244.38,4.9
P00908,Mice,139.28,4.4
P00909,Tablets,27.16,4.5
P00910,Laptops,36.03,4.6
P00911,Headphones,350.92,3.5
P00912,Laptops,219.28,3.2
P00913,Monitors,58.1,3.8
P00914,Monitors,48.48,3.1
P00915,Keyboards,76.46,4.8
P00916,Headphones,185.95,4.1
P00917,Tablets,6.54,4.3
P00918,Speakers,126.13,3.8
P00919,Headphones,152.56,3.7
P00920,Speakers,170.58,3.7
P00921,Keyboards,26.42,3.6
P00922,Speakers,317.32,3.8
P00923,Keyboards,80.24,4.7
P00924,Monitors,80.59,3.5
P00925,Tablets,143.62,3.5
P00926,Tablets,98.64,2.9
P00927,Chargers,116.8,3.5
P00928,Monitors,163.39,4.6
P00929,Keyboards,43.7,3.4
P00930,Speakers,25.53,4.2
P00931,Mice,14.99,3.9
P00932,Smartphones,125.81,3.5
P00933,Smartphones,165.77,4.0
P00934,Keyboards,39.09,4.3
P00935,Headphones,52.79,5.0
P00936,Headphones,72.18,3.9
P00937,Keyboards,89.05,3.8
P00938,Smartphones,49.83,5.0
P00939,Speakers,29.14,3.5
P00940,Smartphones,61.5,4.2
P00941,Chargers,50.43,3.6
P00942,Headphones,66.04,2.8
P00943,Tablets,102.97,4.6
P00944,Tablets,79.56,3.4
P00945,Keyboards,28.12,4.2
P00946,Tablets,123.99,4.9
P00947,Mice,171.38,4.1
P00948,Chargers,45.18,3.4
P00949,Monitors,551.27,3.9
P00950,Tablets,31.42,3.8
P00951,Headphones,82.18,4.0
P00952,Cameras,38.15,4.2
P00953,Speakers,81.17,3.7
P00954,Laptops,11.53,4.4
P00955,Cameras,61.59,4.0
P00956,Tablets,47.34,3.2
P00957,Chargers,73.52,4.3
P00958,Keyboards,61.4,4.7
P00959,Monitors,96.64,4.6
P00960,Speakers,29.38,4.8
P00961,Speakers,95.67,2.7
P00962,Monitors,8.29,4.4
P00963,Headphones,61.24,4.8
P00964,Keyboards,125.84,4.5
P00965,Smartphones,176.08,5.0
P00966,Tablets,102.34,3.7
P00967,Monitors,113.86,5.0
P00968,Chargers,50.59,4.0
P00969,Laptops,12.57,3.2
P00970,Chargers,36.42,3.7
P00971,Laptops,52.5,4.4
P00972,Monitors,36.31,4.3
P00973,Keyboards,40.25,3.3
P00974,Speakers,49.85,4.2
P00975,Chargers,46.53,3.8
P00976,Tablets,67.82,3.5
P00977,Monitors,12.01,3.9
P00978,Tablets,54.98,3.2
P00979,Smartphones,30.47,3.7
P00980,Monitors,131.99,4.5
P00981,Speakers,111.89,4.5
P00982,Tablets,309.22,4.5
P00983,Smartphones,101.59,4.8
P00984,Headphones,120.66,4.4
P00985,Tablets,266.99,4.9
P00986,Monitors,126.67,3.9
P00987,Speakers,52.23,4.3
P00988,Mice,31.04,4.3
P00989,Smartphones,176.6,5.0
P00990,Tablets,76.83,4.2
P00991,Tablets,20.23,4.0
P00992,Keyboards,106.8,4.8
P00993,Tablets,175.17,3.1
P00994,Keyboards,21.92,3.5
P00995,Laptops,203.72,3.2
P00996,Chargers,37.42,3.3
P00997,Tablets,31.54,3.9
P00998,Tablets,15.74,3.1
P00999,Speakers,53.61,4.8
P01000,Mice,22.05,3.5
P01001,Headphones,248.22,3.8
P01002,Chargers,332.69,4.2
P01003,Chargers,64.22,3.7
P01004,Speakers,39.02,4.3
P01005,Keyboards,77.43,2.4
P01006,Laptops,159.36,5.0
P01007,Tablets,139.64,4.5
P01008,Headphones,95.91,5.0
P01009,Cameras,109.9,4.8
P01010,Speakers,129.73,4.1
P01011,Mice,55.87,3.7
P01012,Keyboards,295.61,4.5
P01013,Smartphones,33.31,4.3
P01014,Smartphones,75.93,5.0
P01015,Headphones,60.51,5.0
P01016,Monitors,111.52,5.0
P01017,Monitors,30.86,3.4
P01018,Monitors,154.99,4.3
P01019,Smartphones,25.0,4.6
P01020,Cameras,30.88,4.6
P01021,Smartphones,100.22,3.6
P01022,Keyboards,35.87,3.5
P01023,Keyboards,121.52,2.6
P01024,Headphones,54.61,4.0
P01025,Smartphones,14.8,4.2
P01026,Keyboards,207.39,3.5
P01027,Tablets,18.94,4.2
P01028,Laptops,125.65,4.1
P01029,Laptops,90.99,4.5
P01030,Tablets,181.6,4.1
P01031,Smartphones,56.51,5.0
P01032,Chargers,29.75,5.0
P01033,Smartphones,20.81,4.0
P01034,Headphones,30.3,4.1
P01035,Keyboards,72.5,3.6
P01036,Mice,29.29,4.6
P01037,Tablets,87.35,5.0
P01038,Smartphones,582.76,5.0
P01039,Mice,45.45,2.5
P01040,Chargers,317.61,4.0
P01041,Speakers,181.58,3.5
P01042,Cameras,72.82,4.0
P01043,Tablets,102.21,3.9
P01044,Monitors,122.1,3.8
P01045,Monitors,87.9,3.9
P01046,Keyboards,51.75,3.5
P01047,Chargers,33.02,4.1
P01048,Tablets,104.74,4.8
P01049,Monitors,33.84,4.5
P01050,Mice,63.26,3.1
P01051,Headphones,73.06,3.8
P01052,Laptops,39.6,4.8
P01053,Monitors,50.33,2.9
P01054,Chargers,26.64,2.9
P01055,Monitors,44.44,3.8
P01056,Laptops,152.34,4.1
P01057,Smartphones,19.64,4.9
P01058,Smartphones,35.48,4.2
P01059,Smartphones,56.2,3.6
P01060,Keyboards,61.34,3.6
P01061,Mice,23.32,4.9
P01062,Mice,33.26,3.8
P01063,Smartphones,85.09,2.9
P01064,Chargers,35.63,2.6
P01065,Monitors,191.49,3.7
P01066,Chargers,94.52,3.2
P01067,Speakers,14.48,3.0
P01068,Laptops,75.73,3.8
P01069,Tablets,35.2,4.2
P01070,Keyboards,192.89,2.5
P01071,Speakers,26.96,3.9
P01072,Tablets,79.04,4.4
P01073,Speakers,23.5,3.3
P01074,Chargers,168.54,3.7
P01075,Mice,48.78,4.0
P01076,Speakers,118.18,4.2
P01077,Tablets,57.79,4.5
P01078,Cameras,109.89,3.8
P01079,Tablets,83.0,3.7
P01080,Tablets,58.01,4.1
P01081,Monitors,28.56,2.1
P01082,Tablets,62.58,4.5
P01083,Headphones,37.7,4.6
P01084,Speakers,30.82,3.0
P01085,Chargers,49.9,5.0
P01086,Chargers,102.54,4.7
P01087,Mice,118.87,4.2
P01088,Speakers,27.07,3.5
P01089,Laptops,169.94,4.0
P01090,Cameras,30.83,4.1
P01091,Headphones,89.75,3.7
P01092,Smartphones,51.68,4.3
P01093,Smartphones,87.58,4.6
P01094,Tablets,21.68,3.3
P01095,Smartphones,55.34,3.7
P01096,Speakers,78.08,3.8
P01097,Chargers,171.55,4.2
P01098,Laptops,132.06,3.9
P01099,Speakers,43.4,4.9
P01100,Laptops,28.17,3.6
P01101,Monitors,70.37,4.4
P01102,Speakers,120.45,3.3
P01103,Mice,25.96,4.7
P01104,Cameras,45.96,4.9
P01105,Cameras,68.48,3.2
P01106,Smartphones,62.65,3.9
P01107,Mice,77.44,4.7
P01108,Keyboards,55.11,3.4
P01109,Speakers,60.29,2.9
P01110,Headphones,67.36,4.5
P01111,Tablets,236.27,4.3
P01112,Cameras,12.71,4.5
P01113,Speakers,81.33,4.8
P01114,Headphones,28.76,4.5
P01115,Laptops,140.31,4.0
P01116,Chargers,26.93,4.0
P01117,Headphones,237.27,3.9
P01118,Smartphones,139.34,4.3
P01119,Chargers,114.93,3.9
P01120,Cameras,155.21,4.0
P01121,Speakers,134.0,4.2
P01122,Speakers,86.77,4.1
P01123,Keyboards,109.44,4.1
P01124,Smartphones,16.63,5.0
P01125,Speakers,95.15,4.6
P01126,Chargers,75.73,4.8
P01127,Cameras,202.8,4.4
P01128,Monitors,129.09,4.8
P01129,Mice,40.45,3.3
P01130,Chargers,366.98,2.7
P01131,Tablets,127.74,4.6
P01132,Speakers,48.31,4.6
P01133,Headphones,21.44,3.5
P01134,Cameras,61.38,3.6
P01135,Headphones,119.52,4.6
P01136,Cameras,49.89,4.5
P01137,Speakers,28.85,3.4
P01138,Headphones,583.51,3.3
P01139,Smartphones,12.81,3.4
P01140,Headphones,89.57,4.2
P01141,Chargers,22.76,4.2
P01142,Laptops,101.93,3.5
P01143,Smartphones,286.11,4.3
P01144,Speakers,32.56,4.7
P01145,Cameras,122.07,5.0
P01146,Monitors,137.38,4.2
P01147,Monitors,82.24,4.2
P01148,Mice,70.98,4.4
P01149,Keyboards,91.05,4.4
P01150,Smartphones,76.84,3.9
P01151,Smartphones,133.27,3.8
P01152,Cameras,48.55,4.1
P01153,Keyboards,42.22,4.0
P01154,Monitors,23.25,4.7
P01155,Speakers,26.95,4.6
P01156,Mice,48.99,3.8
P01157,Smartphones,210.84,4.5
P01158,Headphones,19.58,4.8
P01159,Smartphones,80.67,4.1
P01160,Monitors,35.38,5.0
P01161,Cameras,38.83,4.4
P01162,Tablets,180.06,3.2
P01163,Monitors,42.75,4.4
P01164,Mice,25.96,4.4
P01165,Chargers,97.57,3.9
P01166,Smartphones,85.79,3.6
P01167,Cameras,114.33,4.2
P01168,Tablets,66.67,4.3
P01169,Mice,96.33,4.3
P01170,Laptops,94.5,4.2
P01171,Mice,89.72,4.3
P01172,Headphones,21.81,3.5
P01173,Mice,29.2,4.6
P01174,Speakers,35.21,4.0
P01175,Mice,107.44,5.0
P01176,Keyboards,108.52,5.0
P01177,Smartphones,36.14,4.8
P01178,Chargers,76.52,3.7
P01179,Keyboards,118.82,3.9
P01180,Mice,69.01,4.1
P01181,Tablets,135.02,4.2
P01182,Keyboards,32.57,3.8
P01183,Smartphones,110.45,4.4
P01184,Chargers,42.06,3.5
P01185,Mice,59.72,3.9
P01186,Laptops,96.82,3.1
P01187,Smartphones,273.04,4.5
P01188,Chargers,81.57,3.8
P01189,Keyboards,35.1,4.3
P01190,Monitors,71.26,4.5
P01191,Chargers,108.59,3.7
P01192,Smartphones,59.76,4.2
P01193,Monitors,102.22,3.5
P01194,Headphones,28.68,5.0
P01195,Cameras,144.89,4.6
P01196,Tablets,43.79,4.9
P01197,Headphones,54.75,5.0
P01198,Chargers,52.23,4.4
P01199,Laptops,38.95,4.5
P01200,Mice,181.39,3.9
P01201,Tablets,42.82,4.4
P01202,Keyboards,71.1,4.4
P01203,Mice,61.97,4.3
P01204,Headphones,68.14,3.1
P01205,Headphones,94.74,3.9
P01206,Laptops,161.09,5.0
P01207,Chargers,84.25,3.8
P01208,Mice,48.08,5.0
P01209,Laptops,42.48,3.6
P01210,Mice,207.22,2.5
P01211,Smartphones,3.96,3.8
P01212,Monitors,33.77,3.6
P01213,Laptops,5.4,3.9
P01214,Smartphones,141.07,4.4
P01215,Chargers,116.51,4.9
P01216,Headphones,418.94,5.0
P01217,Speakers,50.87,3.9
P01218,Cameras,14.53,5.0
P01219,Headphones,88.51,5.0
P01220,Headphones,27.14,4.8
P01221,Monitors,28.72,3.7
P01222,Smartphones,28.43,4.3
P01223,Keyboards,81.61,3.0
P01224,Chargers,123.91,3.8
P01225,Mice,34.75,4.3
P01226,Speakers,65.31,4.2
P01227,Cameras,57.03,4.5
P01228,Laptops,104.9,3.9
P01229,Headphones,27.5,3.7
P01230,Smartphones,33.66,4.4
P01231,Cameras,26.21,4.6
P01232,Keyboards,19.57,4.0
P01233,Speakers,126.84,4.6
P01234,Keyboards,250.6,3.5
P01235,Headphones,87.21,3.7
P01236,Chargers,93.91,3.9
P01237,Speakers,31.7,3.8
P01238,Laptops,36.83,4.5
P01239,Chargers,81.76,4.5
P01240,Laptops,397.25,3.3
P01241,Laptops,44.28,4.8
P01242,Mice,42.95,4.1
P01243,Monitors,43.98,3.7
P01244,Tablets,72.01,5.0
P01245,Laptops,85.59,4.7
P01246,Monitors,134.56,4.0
P01247,Tablets,89.43,4.3
P01248,Keyboards,46.7,4.4
P01249,Chargers,75.54,4.4
P01250,Smartphones,54.83,4.3
P01251,Mice,94.3,5.0
P01252,Chargers,74.28,3.7
P01253,Speakers,47.15,3.7
P01254,Cameras,231.43,3.4
P01255,Cameras,47.89,4.1
P01256,Tablets,123.91,3.8
P01257,Chargers,158.29,4.8
P01258,Monitors,59.15,3.9
P01259,Headphones,46.13,3.5
P01260,Smartphones,27.02,4.6
P01261,Speakers,129.81,3.6
P01262,Laptops,209.4,4.7
P01263,Speakers,81.74,3.9
P01264,Smartphones,149.21,3.4
P01265,Keyboards,123.71,3.2
P01266,Laptops,19.0,3.6
P01267,Speakers,47.21,4.4
P01268,Smartphones,49.16,3.5
P01269,Cameras,85.14,4.7
P01270,Mice,46.79,5.0
P01271,Smartphones,89.06,4.2
P01272,Laptops,70.49,3.9
P01273,Smartphones,58.47,3.7
P01274,Tablets,157.45,2.3
P01275,Keyboards,46.69,3.9
P01276,Laptops,47.76,3.8
P01277,Tablets,95.56,4.0
P01278,Monitors,55.39,4.4
P01279,Headphones,21.33,3.7
P01280,Keyboards,65.17,3.3
P01281,Keyboards,46.15,4.0
P01282,Smartphones,53.31,3.8
P01283,Smartphones,70.48,4.5
P01284,Laptops,41.8,4.2
P01285,Mice,20.73,4.1
P01286,Laptops,32.01,4.8
P01287,Speakers,68.59,4.0
P01288,Speakers,113.3,4.1
P01289,Monitors,51.1,4.1
P01290,Mice,34.76,3.8
P01291,Mice,56.65,4.4
P01292,Laptops,61.4,4.7
P01293,Headphones,72.23,4.2
P01294,Chargers,123.43,3.9
P01295,Smartphones,139.89,3.7
P01296,Monitors,43.61,4.8
P01297,Chargers,331.42,3.3
P01298,Chargers,239.75,4.1
P01299,Cameras,301.29,4.4
P01300,Keyboards,24.87,4.3
P01301,Mice,67.11,5.0
P01302,Headphones,165.68,4.5
P01303,Speakers,78.34,4.3
P01304,Speakers,56.24,3.4
P01305,Keyboards,100.7,5.0
P01306,Monitors,74.93,4.7
P01307,Headphones,24.84,5.0
P01308,Headphones,42.48,3.8
P01309,Chargers,89.27,3.9
P01310,Tablets,69.82,3.5
P01311,Cameras,7.35,2.7
P01312,Keyboards,26.75,3.2
P01313,Smartphones,169.52,3.9
P01314,Chargers,38.48,3.9
P01315,Laptops,277.95,4.4
P01316,Chargers,178.67,3.0
P01317,Monitors,92.63,4.7
P01318,Cameras,69.0,5.0
P01319,Monitors,91.1,3.1
P01320,Mice,154.64,4.0
P01321,Monitors,14.92,3.9
P01322,Tablets,28.24,3.2
P01323,Laptops,147.94,3.6
P01324,Tablets,45.76,3.0
P01325,Headphones,110.2,4.1
P01326,Smartphones,80.15,4.2
P01327,Keyboards,20.32,4.6
P01328,Cameras,122.64,3.8
P01329,Smartphones,68.9,4.9
P01330,Laptops,26.65,3.8
P01331,Smartphones,248.22,4.1
P01332,Cameras,97.05,3.9
P01333,Laptops,271.34,3.1
P01334,Chargers,26.16,4.0
P01335,Keyboards,102.78,5.0
P01336,Tablets,12.42,3.2
P01337,Headphones,54.03,4.7
P01338,Tablets,164.49,4.9
P01339,Speakers,81.47,3.8
P01340,Mice,36.74,3.7
P01341,Tablets,15.27,5.0
P01342,Headphones,152.07,4.7
P01343,Chargers,49.15,4.4
P01344,Keyboards,82.45,4.0
P01345,Speakers,19.1,3.1
P01346,Laptops,85.34,4.5
P01347,Headphones,57.04,4.1
P01348,Laptops,47.02,3.9
P01349,Tablets,35.69,5.0
P01350,Laptops,101.81,5.0
P01351,Smartphones,149.67,3.3
P01352,Tablets,18.54,4.6
P01353,Smartphones,70.31,5.0
P01354,Cameras,73.55,4.1
P01355,Tablets,134.97,3.6
P01356,Smartphones,202.51,4.1
P01357,Headphones,318.4,4.5
P01358,Chargers,42.81,3.2
P01359,Chargers,425.38,5.0
P01360,Keyboards,10.41,4.5
P01361,Chargers,130.28,3.2
P01362,Tablets,26.44,4.7
P01363,Mice,111.65,4.0
P01364,Laptops,29.48,4.7
P01365,Keyboards,144.18,4.1
P01366,Mice,84.75,5.0
P01367,Keyboards,31.91,4.0
P01368,Tablets,45.12,5.0
P01369,Tablets,170.27,3.9
P01370,Smartphones,98.12,4.1
P01371,Monitors,68.58,4.2
P01372,Mice,34.21,3.2
P01373,Smartphones,55.43,3.3
P01374,Tablets,196.22,3.5
P01375,Monitors,33.48,2.8
P01376,Headphones,954.91,3.6
P01377,Smartphones,132.16,3.5
P01378,Monitors,53.27,4.2
P01379,Monitors,51.37,4.2
P01380,Cameras,32.99,4.8
P01381,Keyboards,40.01,4.7
P01382,Cameras,78.47,4.5
P01383,Tablets,365.05,4.8
P01384,Mice,29.78,4.5
P01385,Chargers,130.93,4.8
P01386,Monitors,111.97,4.2
P01387,Speakers,84.18,3.3
P01388,Mice,99.95,4.1
P01389,Smartphones,18.42,4.4
P01390,Keyboards,281.6,2.8
P01391,Tablets,17.5,4.9
P01392,Headphones,102.11,4.9
P01393,Cameras,39.52,4.4
P01394,Speakers,24.35,3.6
P01395,Keyboards,90.24,4.1
P01396,Cameras,17.95,4.3
P01397,Cameras,34.02,4.7
P01398,Laptops,20.26,5.0
P01399,Cameras,273.66,4.6
P01400,Laptops,34.01,4.4
P01401,Smartphones,215.29,3.3
P01402,Mice,73.32,4.8
P01403,Smartphones,76.21,4.9
P01404,Monitors,18.38,4.9
P01405,Monitors,136.07,4.3
P01406,Chargers,84.35,3.7
P01407,Mice,104.81,3.4
P01408,Cameras,102.85,3.9
P01409,Smartphones,97.8,4.7
P01410,Tablets,23.28,4.2
P01411,Cameras,14.89,4.5
P01412,Speakers,41.73,3.5
P01413,Keyboards,53.31,5.0
P01414,Monitors,154.29,4.4
P01415,Speakers,178.71,3.4
P01416,Speakers,62.58,4.4
P01417,Chargers,131.05,3.3
P01418,Tablets,117.49,4.6
P01419,Headphones,24.17,3.8
P01420,Headphones,471.99,4.1
P01421,Chargers,73.64,4.6
P01422,Headphones,29.09,4.7
P01423,Laptops,349.07,4.0
P01424,Cameras,21.34,3.6
P01425,Laptops,115.34,3.9
P01426,Chargers,83.98,4.9
P01427,Tablets,158.83,4.8
P01428,Monitors,40.34,4.5
P01429,Monitors,236.5,3.0
P01430,Mice,29.95,3.0
P01431,Mice,77.13,4.6
P01432,Cameras,15.54,4.8
P01433,Keyboards,323.54,4.5
P01434,Speakers,30.63,4.3
P01435,Monitors,559.1,3.7
P01436,Chargers,124.45,4.2
P01437,Monitors,116.35,4.7
P01438,Monitors,90.87,3.1
P01439,Smartphones,30.81,5.0
P01440,Cameras,42.57,4.2
P01441,Laptops,41.5,4.3
P01442,Smartphones,67.39,3.9
P01443,Laptops,35.34,4.6
P01444,Laptops,546.93,2.9
P01445,Keyboards,85.32,4.0
P01446,Keyboards,113.44,3.6
P01447,Speakers,37.37,5.0
P01448,Speakers,114.96,4.4
P01449,Monitors,28.98,4.7
P01450,Speakers,28.39,3.9
P01451,Mice,54.52,3.0
P01452,Smartphones,38.78,4.2
P01453,Cameras,90.26,4.5
P01454,Laptops,38.53,4.9
P01455,Monitors,45.73,4.9
P01456,Mice,224.15,4.1
P01457,Smartphones,50.87,3.9
P01458,Monitors,19.77,4.7
P01459,Speakers,30.41,5.0
P01460,Monitors,420.85,5.0
P01461,Monitors,227.63,3.1
P01462,Keyboards,25.73,4.4
P01463,Cameras,52.95,4.3
P01464,Monitors,41.26,4.1
P01465,Monitors,40.46,3.5
P01466,Cameras,178.52,4.0
P01467,Tablets,61.21,4.4
P01468,Tablets,154.77,4.3
P01469,Monitors,81.9,3.9
P01470,Headphones,491.24,4.2
P01471,Chargers,96.36,3.9
P01472,Tablets,43.6,3.1
P01473,Speakers,61.39,3.2
P01474,Laptops,104.54,4.8
P01475,Headphones,217.08,4.1
P01476,Smartphones,105.02,4.3
P01477,Chargers,46.41,4.0
P01478,Mice,100.33,4.2
P01479,Keyboards,25.4,4.3
P01480,Keyboards,38.87,5.0
P01481,Monitors,203.65,4.3
P01482,Keyboards,32.74,4.7
P01483,Monitors,66.3,4.1
P01484,Tablets,94.14,3.7
P01485,Keyboards,61.59,3.8
P01486,Mice,31.39,3.2
P01487,Smartphones,46.64,3.8
P01488,Headphones,26.23,4.2
P01489,Keyboards,176.66,3.8
P01490,Laptops,177.22,3.7
P01491,Cameras,123.39,4.5
P01492,Chargers,116.84,2.9
P01493,Tablets,21.17,3.9
P01494,Speakers,122.27,5.0
P01495,Monitors,96.72,3.8
P01496,Keyboards,138.81,5.0
P01497,Tablets,70.99,3.4
P01498,Chargers,88.81,3.1
P01499,Smartphones,61.34,3.9
P01500,Keyboards,217.46,4.2
P01501,Headphones,178.66,4.1
P01502,Mice,414.48,4.0
P01503,Chargers,51.12,2.8
P01504,Chargers,30.77,4.1
P01505,Smartphones,283.08,4.9
P01506,Smartphones,36.89,4.5
P01507,Keyboards,118.98,3.1
P01508,Headphones,380.95,4.5
P01509,Laptops,58.69,3.4
P01510,Tablets,15.72,4.3
P01511,Smartphones,148.28,5.0
P01512,Mice,59.1,3.4
P01513,Smartphones,65.23,3.1
P01514,Tablets,104.61,4.4
P01515,Monitors,50.76,4.6
P01516,Speakers,316.35,3.8
P01517,Laptops,47.21,4.4
P01518,Headphones,274.21,4.1
P01519,Speakers,50.14,4.3
P01520,Monitors,253.54,3.9
P01521,Mice,50.12,3.9
P01522,Chargers,42.47,3.9
P01523,Headphones,44.5,3.4
P01524,Laptops,70.53,2.4
P01525,Smartphones,32.9,4.0
P01526,Mice,27.62,4.3
P01527,Headphones,99.17,5.0
P01528,Monitors,6.49,4.2
P01529,Laptops,51.15,4.7
P01530,Laptops,25.7,3.3
P01531,Headphones,52.95,4.7
P01532,Laptops,99.12,4.0
P01533,Mice,64.89,4.4
P01534,Laptops,56.62,4.5
P01535,Headphones,55.61,4.0
P01536,Laptops,80.92,4.4
P01537,Headphones,40.61,5.0
P01538,Tablets,5.01,4.5
P01539,Cameras,16.58,4.2
P01540,Cameras,46.73,4.9
P01541,Headphones,44.6,4.7
P01542,Speakers,90.64,3.6
P01543,Keyboards,56.99,5.0
P01544,Headphones,301.46,3.1
P01545,Keyboards,37.94,3.2
P01546,Monitors,39.94,4.3
P01547,Speakers,21.74,4.5
P01548,Tablets,30.24,3.6
P01549,Laptops,82.31,4.5
P01550,Tablets,63.97,3.5
P01551,Speakers,188.51,4.1
P01552,Monitors,112.56,3.7
P01553,Headphones,113.78,5.0
P01554,Chargers,67.47,4.5
P01555,Chargers,36.6,3.4
P01556,Speakers,43.38,4.0
P01557,Keyboards,115.39,4.4
P01558,Keyboards,45.72,4.4
P01559,Chargers,25.36,4.7
P01560,Mice,101.3,4.2
P01561,Speakers,23.11,4.3
P01562,Mice,71.68,4.5
P01563,Keyboards,165.5,3.4
P01564,Headphones,198.43,5.0
P01565,Headphones,24.1,3.4
P01566,Monitors,53.62,2.9
P01567,Mice,25.32,4.1
P01568,Speakers,36.36,4.2
P01569,Cameras,107.53,4.9
P01570,Chargers,20.73,3.9
P01571,Tablets,269.1,5.0
P01572,Cameras,41.15,4.1
P01573,Monitors,36.38,4.3
P01574,Headphones,60.91,3.9
P01575,Tablets,47.92,5.0
P01576,Headphones,71.94,4.6
P01577,Cameras,125.99,4.6
P01578,Headphones,46.14,4.4
P01579,Speakers,166.2,4.2
P01580,Cameras,98.22,4.3
P01581,Tablets,34.19,2.9
P01582,Chargers,87.65,4.3
P01583,Keyboards,97.93,5.0
P01584,Cameras,40.13,4.0
P01585,Headphones,333.76,3.7
P01586,Tablets,34.93,4.2
P01587,Tablets,144.91,5.0
P01588,Keyboards,59.16,4.6
P01589,Mice,35.33,4.8
P01590,Cameras,84.4,4.5
P01591,Headphones,82.39,4.1
P01592,Smartphones,181.91,4.4
P01593,Smartphones,106.52,3.5
P01594,Chargers,104.01,3.7
P01595,Keyboards,68.23,3.8
P01596,Speakers,64.14,4.1
P01597,Mice,35.44,4.1
P01598,Keyboards,79.0,3.6
P01599,Tablets,23.05,4.3
P01600,Tablets,44.21,2.2
P01601,Headphones,71.62,4.5
P01602,Tablets,69.87,4.0
P01603,Headphones,90.72,3.7
P01604,Monitors,85.32,4.9
P01605,Tablets,104.42,3.7
P01606,Speakers,20.39,4.6
P01607,Laptops,19.27,4.2
P01608,Cameras,86.01,4.4
P01609,Keyboards,115.21,3.9
P01610,Chargers,88.53,3.8
P01611,Chargers,16.85,4.2
P01612,Mice,49.52,4.4
P01613,Tablets,36.77,3.4
P01614,Speakers,113.66,4.6
P01615,Cameras,53.28,4.1
P01616,Cameras,18.58,4.2
P01617,Chargers,114.66,3.3
P01618,Chargers,99.61,3.6
P01619,Headphones,303.01,3.7
P01620,Cameras,58.25,4.1
P01621,Chargers,44.81,5.0
P01622,Speakers,71.95,4.5
P01623,Monitors,77.41,3.5
P01624,Keyboards,116.04,3.3
P01625,Tablets,110.79,3.7
P01626,Headphones,60.34,4.2
P01627,Laptops,25.88,4.6
P01628,Chargers,77.9,3.6
P01629,Smartphones,104.37,4.4
P01630,Cameras,35.76,4.9
P01631,Headphones,137.75,3.6
P01632,Monitors,32.68,4.6
P01633,Mice,64.68,4.0
P01634,Tablets,40.49,4.2
P01635,Headphones,55.58,4.2
P01636,Speakers,130.72,4.3
P01637,Cameras,83.87,4.1
P01638,Tablets,83.43,4.3
P01639,Keyboards,224.54,3.8
P01640,Speakers,43.73,4.2
P01641,Headphones,110.23,3.7
P01642,Mice,22.34,4.1
P01643,Chargers,168.55,3.5
P01644,Laptops,90.64,3.4
P01645,Laptops,67.13,3.4
P01646,Keyboards,56.55,3.8
P01647,Tablets,229.2,4.1
P01648,Smartphones,112.57,3.6
P01649,Smartphones,52.0,4.0
P01650,Cameras,36.96,4.3
P01651,Keyboards,290.64,3.9
P01652,Speakers,46.21,4.6
P01653,Headphones,31.89,4.8
P01654,Mice,37.65,3.7
P01655,Chargers,161.95,4.0
P01656,Laptops,50.33,4.8
P01657,Laptops,77.77,3.8
P01658,Tablets,74.14,4.2
P01659,Laptops,12.07,5.0
P01660,Monitors,37.5,4.6
P01661,Smartphones,171.57,4.6
P01662,Laptops,34.34,3.9
P01663,Headphones,29.23,4.1
P01664,Speakers,27.52,4.6
P01665,Chargers,102.28,4.1
P01666,Cameras,101.22,4.5
P01667,Mice,132.86,4.7
P01668,Monitors,369.17,3.7
P01669,Chargers,67.64,4.4
P01670,Mice,34.71,5.0
P01671,Laptops,2003.53,4.9
P01672,Headphones,57.22,3.8
P01673,Monitors,28.77,3.3
P01674,Chargers,18.48,4.6
P01675,Chargers,101.43,3.9
P01676,Mice,68.95,4.5
P01677,Chargers,25.49,3.8
P01678,Laptops,100.15,4.5
P01679,Keyboards,55.91,4.6
P01680,Smartphones,120.18,2.7
P01681,Chargers,122.59,4.5
P01682,Cameras,79.19,4.9
P01683,Smartphones,52.66,4.8
P01684,Keyboards,59.23,3.6
P01685,Monitors,66.65,4.3
P01686,Speakers,65.79,4.7
P01687,Speakers,120.39,4.9
P01688,Mice,38.86,4.0
P01689,Laptops,72.2,3.9
P01690,Mice,10.63,3.8
P01691,Speakers,49.59,3.8
P01692,Headphones,211.72,4.0
P01693,Smartphones,53.46,4.1
P01694,Keyboards,124.25,3.9
P01695,Mice,61.89,3.5
P01696,Cameras,176.64,3.3
P01697,Chargers,163.44,4.0
P01698,Smartphones,99.81,5.0
P01699,Monitors,262.16,4.5
P01700,Headphones,23.33,4.0
P01701,Headphones,60.18,4.6
P01702,Cameras,37.95,3.6
P01703,Mice,158.55,3.0
P01704,Monitors,67.31,3.8
P01705,Mice,80.77,4.5
P01706,Tablets,65.28,4.9
P01707,Mice,59.88,3.8
P01708,Monitors,51.93,4.2
P01709,Tablets,4.29,3.9
P01710,Monitors,70.48,3.8
P01711,Headphones,77.39,5.0
P01712,Keyboards,121.93,4.2
P01713,Keyboards,196.94,5.0
P01714,Headphones,41.31,4.1
P01715,Mice,90.27,3.3
P01716,Keyboards,74.39,4.4
P01717,Monitors,131.23,4.2
P01718,Cameras,42.32,3.9
P01719,Headphones,9.51,4.2
P01720,Cameras,15.7,3.3
P01721,Keyboards,125.56,4.6
P01722,Laptops,51.05,4.3
P01723,Chargers,52.2,4.7
P01724,Mice,82.08,4.0
P01725,Headphones,77.45,4.1
P01726,Tablets,337.96,4.5
P01727,Tablets,79.41,4.3
P01728,Headphones,15.8,4.0
P01729,Chargers,55.27,3.9
P01730,Keyboards,30.1,3.7
P01731,Tablets,33.76,3.7
P01732,Chargers,19.89,4.4
P01733,Tablets,202.04,4.3
P01734,Laptops,31.23,4.6
P01735,Cameras,29.15,4.0
P01736,Chargers,46.51,3.4
P01737,Speakers,188.45,3.9
P01738,Chargers,79.28,4.2
P01739,Monitors,55.32,4.6
P01740,Headphones,62.07,4.0
P01741,Cameras,335.02,4.4
P01742,Speakers,115.44,4.1
P01743,Speakers,43.24,2.6
P01744,Chargers,51.58,4.0
P01745,Speakers,44.05,5.0
P01746,Cameras,27.55,4.1
P01747,Mice,37.87,3.6
P01748,Laptops,131.51,4.7
P01749,Tablets,298.99,4.4
P01750,Monitors,89.2,4.8
P01751,Speakers,33.34,2.6
P01752,Laptops,251.44,4.3
P01753,Smartphones,47.24,3.8
P01754,Chargers,74.51,4.1
P01755,Monitors,212.84,3.8
P01756,Keyboards,64.32,4.4
P01757,Monitors,130.27,4.5
P01758,Tablets,84.25,4.9
P01759,Tablets,79.0,4.5
P01760,Monitors,131.43,3.5
P01761,Headphones,80.58,3.8
P01762,Smartphones,114.92,4.5
P01763,Headphones,71.22,4.2
P01764,Laptops,199.91,4.2
P01765,Laptops,271.4,5.0
P01766,Headphones,76.34,4.0
P01767,Chargers,18.06,4.2
P01768,Mice,74.93,5.0
P01769,Headphones,71.85,5.0
P01770,Smartphones,100.96,4.8
P01771,Tablets,132.51,4.4
P01772,Cameras,175.91,4.2
P01773,Keyboards,101.31,4.9
P01774,Speakers,63.75,4.2
P01775,Headphones,33.91,4.3
P01776,Speakers,38.18,4.4
P01777,Tablets,68.19,4.1
P01778,Tablets,33.9,3.7
P01779,Monitors,43.21,4.7
P01780,Laptops,161.22,3.5
P01781,Cameras,106.01,4.1
P01782,Speakers,109.92,3.6
P01783,Tablets,81.74,4.4
P01784,Cameras,141.45,4.4
P01785,Speakers,160.02,4.1
P01786,Tablets,95.09,3.9
P01787,Tablets,52.9,3.5
P01788,Monitors,143.46,3.9
P01789,Monitors,39.46,4.3
P01790,Mice,189.05,3.6
P01791,Monitors,21.82,4.6
P01792,Headphones,84.29,4.6
P01793,Laptops,46.82,3.4
P01794,Chargers,246.96,3.3
P01795,Smartphones,65.42,4.0
P01796,Smartphones,89.0,4.1
P01797,Tablets,100.32,3.2
P01798,Headphones,42.46,4.3
P01799,Keyboards,136.43,3.8
P01800,Speakers,89.12,4.2
P01801,Headphones,73.41,4.0
P01802,Smartphones,409.61,3.8
P01803,Speakers,28.31,3.6
P01804,Headphones,19.65,4.8
P01805,Headphones,129.06,4.0
P01806,Keyboards,70.66,4.9
P01807,Monitors,101.95,5.0
P01808,Cameras,11.38,3.7
P01809,Tablets,114.6,3.7
P01810,Monitors,89.82,4.2
P01811,Laptops,71.42,3.6
P01812,Chargers,107.55,3.6
P01813,Chargers,105.08,3.7
P01814,Monitors,29.46,3.1
P01815,Headphones,64.46,4.9
P01816,Tablets,215.56,4.8
P01817,Chargers,117.96,3.2
P01818,Smartphones,104.42,4.0
P01819,Speakers,74.64,3.7
P01820,Smartphones,50.09,4.0
P01821,Chargers,77.61,3.7
P01822,Monitors,111.03,5.0
P01823,Chargers,57.41,5.0
P01824,Speakers,15.48,3.4
P01825,Cameras,31.75,4.2
P01826,Laptops,47.54,4.8
P01827,Cameras,114.66,3.9
P01828,Monitors,133.77,4.5
P01829,Keyboards,62.29,4.6
P01830,Speakers,105.85,4.5
P01831,Monitors,112.37,4.6
P01832,Keyboards,78.92,4.6
P01833,Laptops,107.56,4.4
P01834,Monitors,45.26,3.1
P01835,Laptops,52.14,4.4
P01836,Monitors,22.54,4.7
P01837,Mice,14.41,3.8
P01838,Cameras,86.92,5.0
P01839,Mice,116.1,5.0
P01840,Headphones,44.06,3.8
P01841,Smartphones,106.55,4.2
P01842,Tablets,41.49,4.2
P01843,Mice,68.68,3.8
P01844,Speakers,98.34,3.9
P01845,Monitors,85.2,4.5
P01846,Laptops,93.26,3.2
P01847,Headphones,30.01,3.4
P01848,Monitors,121.94,4.2
P01849,Tablets,99.87,4.4
P01850,Headphones,35.89,5.0
P01851,Speakers,60.65,3.8
P01852,Chargers,80.88,4.7
P01853,Laptops,33.98,4.8
P01854,Laptops,75.54,3.9
P01855,Tablets,35.79,5.0
P01856,Cameras,54.98,3.1
P01857,Monitors,92.07,3.9
P01858,Mice,217.61,3.8
P01859,Laptops,148.63,5.0
P01860,Speakers,64.76,4.0
P01861,Monitors,96.41,4.7
P01862,Speakers,130.16,3.9
P01863,Speakers,96.8,4.2
P01864,Keyboards,76.57,3.4
P01865,Monitors,29.37,4.5
P01866,Tablets,14.74,3.8
P01867,Chargers,30.4,4.2
P01868,Chargers,262.59,4.3
P01869,Speakers,99.02,4.5
P01870,Monitors,31.68,3.8
P01871,Monitors,68.97,4.4
P01872,Chargers,79.57,3.2
P01873,Tablets,112.27,3.6
P01874,Smartphones,89.64,3.3
P01875,Monitors,95.29,4.0
P01876,Tablets,39.48,3.8
P01877,Smartphones,248.98,4.6
P01878,Chargers,78.1,3.8
P01879,Laptops,30.68,2.9
P01880,Tablets,91.55,4.5
P01881,Cameras,52.12,4.8
P01882,Headphones,126.26,4.8
P01883,Smartphones,15.67,3.3
P01884,Tablets,101.17,4.2
P01885,Mice,123.25,3.9
P01886,Monitors,56.38,3.7
P01887,Mice,92.95,3.8
P01888,Headphones,40.51,3.1
P01889,Headphones,67.55,3.7
P01890,Chargers,18.38,4.7
P01891,Monitors,105.39,3.5
P01892,Headphones,33.57,5.0
P01893,Laptops,30.62,4.3
P01894,Headphones,65.44,3.6
P01895,Monitors,59.98,4.3
P01896,Speakers,81.77,3.9
P01897,Smartphones,113.83,3.6
P01898,Smartphones,17.48,4.5
P01899,Mice,60.96,4.0
P01900,Monitors,101.44,4.6
P01901,Laptops,31.88,3.1
P01902,Chargers,24.64,4.6
P01903,Smartphones,214.54,3.6
P01904,Mice,115.07,4.3
P01905,Speakers,95.91,4.9
P01906,Speakers,129.01,4.1
P01907,Tablets,55.03,3.2
P01908,Tablets,73.7,4.3
P01909,Mice,40.86,3.4
P01910,Keyboards,66.47,5.0
P01911,Keyboards,33.74,3.7
P01912,Chargers,18.35,4.5
P01913,Speakers,27.73,3.9
P01914,Monitors,553.18,4.7
P01915,Headphones,39.48,3.8
P01916,Tablets,66.34,4.2
P01917,Monitors,50.73,5.0
P01918,Headphones,25.32,5.0
P01919,Smartphones,72.28,4.0
P01920,Headphones,155.43,4.4
P01921,Tablets,18.59,3.8
P01922,Mice,120.94,4.4
P01923,Speakers,17.76,3.6
P01924,Speakers,40.43,4.3
P01925,Speakers,45.54,4.8
P01926,Speakers,56.94,4.4
P01927,Laptops,101.3,4.1
P01928,Tablets,196.29,3.8
P01929,Monitors,36.11,4.9
P01930,Smartphones,203.38,5.0
P01931,Chargers,18.23,4.7
P01932,Mice,12.65,4.1
P01933,Chargers,134.96,3.9
P01934,Mice,27.61,5.0
P01935,Mice,26.23,4.6
P01936,Cameras,125.86,5.0
P01937,Keyboards,288.84,3.6
P01938,Cameras,51.87,3.9
P01939,Cameras,58.76,4.2
P01940,Cameras,25.61,4.3
P01941,Tablets,76.71,3.8
P01942,Keyboards,78.31,4.5
P01943,Cameras,45.37,2.7
P01944,Monitors,70.93,3.6
P01945,Speakers,93.66,4.5
P01946,Smartphones,86.92,5.0
P01947,Speakers,66.82,2.9
P01948,Cameras,143.3,3.7
P01949,Laptops,21.51,4.7
P01950,Chargers,118.79,4.1
P01951,Laptops,131.53,4.4
P01952,Monitors,52.65,5.0
P01953,Mice,16.42,4.4
P01954,Speakers,40.01,4.2
P01955,Laptops,48.24,3.4
P01956,Mice,59.14,3.3
P01957,Chargers,25.84,4.2
P01958,Mice,226.8,3.9
P01959,Cameras,38.64,3.7
P01960,Headphones,28.39,4.2
P01961,Mice,48.09,4.0
P01962,Laptops,171.43,4.1
P01963,Chargers,221.28,4.0
P01964,Monitors,141.67,4.3
P01965,Monitors,127.09,4.4
P01966,Keyboards,99.07,3.4
P01967,Chargers,85.65,4.8
P01968,Tablets,121.04,3.2
P01969,Smartphones,39.6,4.4
P01970,Mice,125.3,4.0
P01971,Tablets,18.25,4.4
P01972,Laptops,55.15,4.9
P01973,Laptops,40.07,4.4
P01974,Headphones,51.07,4.2
P01975,Monitors,110.61,3.9
P01976,Keyboards,22.73,3.8
P01977,Laptops,71.32,3.9
P01978,Monitors,97.76,3.8
P01979,Cameras,31.25,3.3
P01980,Chargers,79.07,4.5
P01981,Tablets,101.69,3.7
P01982,Cameras,46.81,3.4
P01983,Monitors,29.55,4.9
P01984,Mice,162.59,3.3
P01985,Headphones,74.78,3.6
P01986,Keyboards,23.09,4.1
P01987,Smartphones,37.82,3.2
P01988,Cameras,115.02,2.6
P01989,Monitors,37.65,3.5
P01990,Mice,27.37,3.5
P01991,Laptops,55.76,3.8
P01992,Monitors,24.95,3.4
P01993,Chargers,41.97,3.7
P01994,Mice,140.45,4.1
P01995,Monitors,112.76,4.0
P01996,Chargers,135.07,3.8
P01997,Monitors,69.78,4.0
P01998,Smartphones,26.7,3.6
P01999,Tablets,59.05,4.3
